EmployeeID,Average_Work_Hours_HHMM
1,07:22
2,07:43
3,07:00
4,07:11
5,08:00
6,10:47
7,06:55
8,06:43
9,07:14
10,07:04
11,08:24
12,07:04
13,09:18
14,09:23
15,06:05
16,06:42
17,06:37
18,11:00
19,06:57
20,09:17
21,07:35
22,06:00
23,08:24
24,06:48
25,07:05
26,09:21
27,10:58
28,07:36
29,10:58
30,06:49
31,10:06
32,06:42
33,10:31
34,06:10
35,06:35
36,10:16
37,09:58
38,05:58
39,06:46
40,07:41
41,07:12
42,07:35
43,06:57
44,07:00
45,07:12
46,07:10
47,07:38
48,07:49
49,06:58
50,06:54
51,10:53
52,09:07
53,06:49
54,07:18
55,08:36
56,06:47
57,10:59
58,07:41
59,09:56
60,07:54
61,10:40
62,10:29
63,10:04
64,06:36
65,07:29
66,10:43
67,06:11
68,06:36
69,06:04
70,09:58
71,07:25
72,06:29
73,06:17
74,09:19
75,06:05
76,07:13
77,07:06
78,09:54
79,10:28
80,06:54
81,07:35
82,06:04
83,06:00
84,08:58
85,10:25
86,08:23
87,07:54
88,07:06
89,09:41
90,07:46
91,06:17
92,06:18
93,08:49
94,07:43
95,07:19
96,10:47
97,10:24
98,05:59
99,06:06
100,08:08
101,07:18
102,07:06
103,06:19
104,08:07
105,07:59
106,10:30
107,07:59
108,06:06
109,07:35
110,06:53
111,09:17
112,10:48
113,05:59
114,07:47
115,07:43
116,06:11
117,07:07
118,07:49
119,07:37
120,06:00
121,09:06
122,08:41
123,09:59
124,06:54
125,06:59
126,06:17
127,06:21
128,08:11
129,06:27
130,06:40
131,07:28
132,09:55
133,07:24
134,07:29
135,05:59
136,06:51
137,06:07
138,07:40
139,08:52
140,10:53
141,10:41
142,07:03
143,09:00
144,07:25
145,07:35
146,06:37
147,06:11
148,06:28
149,08:11
150,06:47
151,07:18
152,06:49
153,07:19
154,06:09
155,07:36
156,06:35
157,10:38
158,06:12
159,08:35
160,06:00
161,06:16
162,07:54
163,07:10
164,06:39
165,07:54
166,06:43
167,06:17
168,07:10
169,06:17
170,07:13
171,07:48
172,06:48
173,06:29
174,07:39
175,07:35
176,09:10
177,06:22
178,08:28
179,06:57
180,06:28
181,08:52
182,06:35
183,10:59
184,07:48
185,07:13
186,06:25
187,06:46
188,07:23
189,06:11
190,06:00
191,07:18
192,07:03
193,08:43
194,10:48
195,07:24
196,09:11
197,07:23
198,07:24
199,06:42
200,09:13
201,06:52
202,09:17
203,06:00
204,06:19
205,06:24
206,08:45
207,07:23
208,06:11
209,07:42
210,07:30
211,09:04
212,05:59
213,06:01
214,06:01
215,06:53
216,10:46
217,08:58
218,07:23
219,06:49
220,06:47
221,07:24
222,10:49
223,06:52
224,08:54
225,06:41
226,07:55
227,06:18
228,07:53
229,08:52
230,07:05
231,07:29
232,08:41
233,06:48
234,09:07
235,07:00
236,06:42
237,08:24
238,06:28
239,07:13
240,08:41
241,06:02
242,07:16
243,09:22
244,07:18
245,07:06
246,07:26
247,07:34
248,09:57
249,06:12
250,06:48
251,06:39
252,07:30
253,06:24
254,10:42
255,07:00
256,08:37
257,10:24
258,06:43
259,07:05
260,07:40
261,06:47
262,07:48
263,07:05
264,08:53
265,07:36
266,09:07
267,06:49
268,07:30
269,06:42
270,07:53
271,08:12
272,07:09
273,06:30
274,07:55
275,06:43
276,08:36
277,06:45
278,07:42
279,06:36
280,07:20
281,06:10
282,07:23
283,08:05
284,06:01
285,09:48
286,06:06
287,08:18
288,07:31
289,06:24
290,10:00
291,07:05
292,06:24
293,07:48
294,06:17
295,07:08
296,08:47
297,07:30
298,07:05
299,06:16
300,07:05
301,07:48
302,10:54
303,06:11
304,05:59
305,10:03
306,07:40
307,05:58
308,07:58
309,10:00
310,07:46
311,07:58
312,07:24
313,07:12
314,07:04
315,06:17
316,06:11
317,06:12
318,08:54
319,06:48
320,09:27
321,10:48
322,06:55
323,07:47
324,07:10
325,06:27
326,07:56
327,07:49
328,07:58
329,06:48
330,06:04
331,06:24
332,10:41
333,06:59
334,07:59
335,09:28
336,07:42
337,07:43
338,08:53
339,07:46
340,10:28
341,06:12
342,06:37
343,07:59
344,06:53
345,09:22
346,06:37
347,07:34
348,07:35
349,06:52
350,06:17
351,06:22
352,07:20
353,10:29
354,06:59
355,09:54
356,06:53
357,07:59
358,07:18
359,06:06
360,06:19
361,06:24
362,06:01
363,06:54
364,09:42
365,07:47
366,06:24
367,10:23
368,08:31
369,06:35
370,07:35
371,06:06
372,06:17
373,06:28
374,10:59
375,08:00
376,07:35
377,10:24
378,08:47
379,10:00
380,07:53
381,07:47
382,07:28
383,07:33
384,06:48
385,06:59
386,09:36
387,10:05
388,09:23
389,06:21
390,07:06
391,07:24
392,06:40
393,07:35
394,10:40
395,08:18
396,06:36
397,06:52
398,09:24
399,10:01
400,06:27
401,09:46
402,06:25
403,10:30
404,06:34
405,07:06
406,07:52
407,10:17
408,08:29
409,09:48
410,10:24
411,07:40
412,10:39
413,07:40
414,07:43
415,06:52
416,10:32
417,08:19
418,06:04
419,10:22
420,06:59
421,06:41
422,07:05
423,06:30
424,07:04
425,07:04
426,08:54
427,06:03
428,07:38
429,10:42
430,07:05
431,10:36
432,06:05
433,08:19
434,08:08
435,07:53
436,09:48
437,06:01
438,06:16
439,06:18
440,07:37
441,06:22
442,06:59
443,07:28
444,06:31
445,08:00
446,08:06
447,07:19
448,06:30
449,09:28
450,10:05
451,06:48
452,08:11
453,07:56
454,10:16
455,07:30
456,07:00
457,07:23
458,08:58
459,07:54
460,07:04
461,08:42
462,07:58
463,10:30
464,09:28
465,07:42
466,06:53
467,06:35
468,09:19
469,06:18
470,06:18
471,06:36
472,09:35
473,10:07
474,08:18
475,07:36
476,07:55
477,07:19
478,07:58
479,06:32
480,06:53
481,07:05
482,07:17
483,06:56
484,08:01
485,06:11
486,10:06
487,06:35
488,08:37
489,06:16
490,08:22
491,07:39
492,06:00
493,10:53
494,06:26
495,07:49
496,10:49
497,07:37
498,07:23
499,07:11
500,07:03
501,08:06
502,06:40
503,07:46
504,06:04
505,08:12
506,09:13
507,07:46
508,07:35
509,09:35
510,07:15
511,06:07
512,07:42
513,07:23
514,07:34
515,06:54
516,06:36
517,06:06
518,07:55
519,09:06
520,06:37
521,10:59
522,08:43
523,07:25
524,07:31
525,06:15
526,07:52
527,07:17
528,07:55
529,08:00
530,06:44
531,06:36
532,06:11
533,06:24
534,09:48
535,07:47
536,06:39
537,06:41
538,10:34
539,10:53
540,07:48
541,10:12
542,06:46
543,06:17
544,10:27
545,08:02
546,07:07
547,06:12
548,06:00
549,07:58
550,10:41
551,06:19
552,06:53
553,06:23
554,07:23
555,07:07
556,07:11
557,05:59
558,10:31
559,06:11
560,07:11
561,06:36
562,07:29
563,06:35
564,07:10
565,08:01
566,07:06
567,07:12
568,10:53
569,06:31
570,10:41
571,06:59
572,08:59
573,08:07
574,07:07
575,08:00
576,07:24
577,07:05
578,06:48
579,06:47
580,06:42
581,08:01
582,07:41
583,07:03
584,07:54
585,10:17
586,07:31
587,07:41
588,10:30
589,06:53
590,07:29
591,07:59
592,07:30
593,06:35
594,06:16
595,07:28
596,07:17
597,08:47
598,06:46
599,06:41
600,10:24
601,05:59
602,08:53
603,09:52
604,05:59
605,06:10
606,07:49
607,07:10
608,07:29
609,06:47
610,07:13
611,07:11
612,07:17
613,08:29
614,06:33
615,06:01
616,06:35
617,06:00
618,07:35
619,06:16
620,06:12
621,07:30
622,08:37
623,07:15
624,08:23
625,08:02
626,06:03
627,07:17
628,08:00
629,09:11
630,09:31
631,09:48
632,09:10
633,06:19
634,06:00
635,08:23
636,07:22
637,07:40
638,08:35
639,07:16
640,07:22
641,06:35
642,06:42
643,06:05
644,06:05
645,07:59
646,08:47
647,06:10
648,06:55
649,05:59
650,07:01
651,11:01
652,10:47
653,07:29
654,09:12
655,08:41
656,09:52
657,09:37
658,07:35
659,06:54
660,08:55
661,10:59
662,06:35
663,06:47
664,10:22
665,07:48
666,07:29
667,10:28
668,09:25
669,06:24
670,10:36
671,05:58
672,09:42
673,06:59
674,09:30
675,08:24
676,06:47
677,07:58
678,06:48
679,06:01
680,08:23
681,06:02
682,06:29
683,07:43
684,06:13
685,06:43
686,07:42
687,08:00
688,10:24
689,09:48
690,09:58
691,10:24
692,06:00
693,10:05
694,07:49
695,09:04
696,05:59
697,09:40
698,06:36
699,08:00
700,07:18
701,07:22
702,05:58
703,07:40
704,09:30
705,09:31
706,06:35
707,07:15
708,06:18
709,08:30
710,06:06
711,06:06
712,07:37
713,07:07
714,07:28
715,07:53
716,07:10
717,07:21
718,08:42
719,10:23
720,06:24
721,06:30
722,07:13
723,07:41
724,09:08
725,06:23
726,07:54
727,06:43
728,10:53
729,10:15
730,07:06
731,10:40
732,10:23
733,07:46
734,10:24
735,06:36
736,07:13
737,09:06
738,09:43
739,10:19
740,09:59
741,06:17
742,06:04
743,06:28
744,07:31
745,07:41
746,07:58
747,06:48
748,06:13
749,07:04
750,08:35
751,06:11
752,10:36
753,07:28
754,09:24
755,07:18
756,07:32
757,07:17
758,07:36
759,08:02
760,07:11
761,06:19
762,07:18
763,07:47
764,07:13
765,07:36
766,06:37
767,06:17
768,09:40
769,07:29
770,06:06
771,10:29
772,06:23
773,06:40
774,06:40
775,09:24
776,06:48
777,10:30
778,06:38
779,10:18
780,10:36
781,07:07
782,07:24
783,08:02
784,06:29
785,06:36
786,06:54
787,06:47
788,06:30
789,06:55
790,07:17
791,06:52
792,06:03
793,07:18
794,07:34
795,06:05
796,07:34
797,06:53
798,06:18
799,06:32
800,07:47
801,08:30
802,06:36
803,08:31
804,07:21
805,10:17
806,07:01
807,06:06
808,10:41
809,07:53
810,10:50
811,07:35
812,06:07
813,06:57
814,06:24
815,07:07
816,05:58
817,08:27
818,07:25
819,07:00
820,06:31
821,07:52
822,07:07
823,07:01
824,06:12
825,07:42
826,07:37
827,10:17
828,06:21
829,09:59
830,10:29
831,06:35
832,08:00
833,06:12
834,07:12
835,06:02
836,08:04
837,06:19
838,10:37
839,08:25
840,06:05
841,08:22
842,06:35
843,07:46
844,07:16
845,09:05
846,07:51
847,07:45
848,07:06
849,07:22
850,06:55
851,06:48
852,06:30
853,09:41
854,06:30
855,07:36
856,07:22
857,07:06
858,07:25
859,06:22
860,06:08
861,07:18
862,07:00
863,07:14
864,07:25
865,08:06
866,09:17
867,07:46
868,06:49
869,09:23
870,06:39
871,09:12
872,05:59
873,06:23
874,05:59
875,06:29
876,07:01
877,07:19
878,06:35
879,08:25
880,08:52
881,09:25
882,06:20
883,08:46
884,06:33
885,08:52
886,07:54
887,07:08
888,10:55
889,06:06
890,07:17
891,06:34
892,06:05
893,07:36
894,07:23
895,07:52
896,08:23
897,06:02
898,06:52
899,07:35
900,06:11
901,07:59
902,06:39
903,07:19
904,09:35
905,05:57
906,07:56
907,09:10
908,08:35
909,07:06
910,10:41
911,08:41
912,07:10
913,06:24
914,10:29
915,07:17
916,07:52
917,06:05
918,06:46
919,07:48
920,07:47
921,06:37
922,07:42
923,05:59
924,08:29
925,07:57
926,06:18
927,07:35
928,07:37
929,08:24
930,07:11
931,10:42
932,06:24
933,06:35
934,07:23
935,09:41
936,07:48
937,06:42
938,06:23
939,10:57
940,07:42
941,09:29
942,05:57
943,08:31
944,08:05
945,07:23
946,08:01
947,09:52
948,07:31
949,07:11
950,07:42
951,07:58
952,06:14
953,07:47
954,06:30
955,07:03
956,09:13
957,08:30
958,08:09
959,08:05
960,06:42
961,07:02
962,07:55
963,06:17
964,06:17
965,06:22
966,06:47
967,07:43
968,06:34
969,06:54
970,07:11
971,07:43
972,09:47
973,05:59
974,07:34
975,07:22
976,07:16
977,07:41
978,09:47
979,10:22
980,07:00
981,06:01
982,06:27
983,10:11
984,07:35
985,07:54
986,07:47
987,06:13
988,05:57
989,06:43
990,07:36
991,06:18
992,06:48
993,08:48
994,08:01
995,09:56
996,07:23
997,07:41
998,08:16
999,07:52
1000,06:11
1001,06:17
1002,06:49
1003,06:00
1004,09:01
1005,08:24
1006,06:41
1007,07:36
1008,06:42
1009,06:15
1010,08:10
1011,08:06
1012,06:05
1013,07:42
1014,07:29
1015,06:22
1016,08:52
1017,07:17
1018,06:43
1019,07:58
1020,10:01
1021,09:32
1022,09:17
1023,06:06
1024,08:35
1025,08:00
1026,07:23
1027,06:53
1028,06:41
1029,06:35
1030,06:35
1031,06:40
1032,07:48
1033,07:53
1034,06:12
1035,06:11
1036,07:25
1037,07:48
1038,10:19
1039,07:04
1040,08:41
1041,07:58
1042,06:35
1043,07:22
1044,06:36
1045,07:24
1046,10:42
1047,07:13
1048,07:05
1049,07:29
1050,07:33
1051,09:30
1052,06:07
1053,09:35
1054,07:39
1055,06:06
1056,08:41
1057,07:12
1058,10:39
1059,06:59
1060,10:12
1061,07:41
1062,07:36
1063,06:29
1064,06:06
1065,07:14
1066,07:41
1067,07:59
1068,06:35
1069,10:24
1070,07:52
1071,07:04
1072,07:58
1073,06:18
1074,06:06
1075,08:35
1076,07:53
1077,07:41
1078,06:31
1079,06:14
1080,07:01
1081,07:41
1082,10:30
1083,09:29
1084,07:28
1085,08:07
1086,07:07
1087,08:40
1088,10:28
1089,07:06
1090,06:29
1091,06:46
1092,09:18
1093,07:35
1094,07:13
1095,07:04
1096,10:11
1097,06:51
1098,07:17
1099,06:24
1100,07:22
1101,08:19
1102,09:12
1103,06:48
1104,06:04
1105,07:47
1106,06:27
1107,10:36
1108,06:48
1109,06:17
1110,07:17
1111,08:55
1112,09:25
1113,06:00
1114,07:53
1115,06:59
1116,10:48
1117,09:53
1118,10:13
1119,07:37
1120,06:17
1121,08:42
1122,06:30
1123,06:36
1124,06:39
1125,09:48
1126,07:06
1127,06:01
1128,06:48
1129,06:46
1130,07:43
1131,06:35
1132,06:55
1133,06:19
1134,07:10
1135,08:48
1136,07:53
1137,07:17
1138,10:19
1139,10:48
1140,07:53
1141,07:53
1142,07:28
1143,07:57
1144,08:11
1145,10:48
1146,06:05
1147,06:35
1148,06:06
1149,10:30
1150,06:52
1151,06:59
1152,07:48
1153,06:09
1154,06:12
1155,06:04
1156,10:11
1157,07:46
1158,06:10
1159,07:54
1160,07:10
1161,06:30
1162,09:46
1163,07:41
1164,07:13
1165,10:23
1166,06:24
1167,08:00
1168,09:06
1169,06:59
1170,06:09
1171,06:00
1172,08:01
1173,08:00
1174,07:53
1175,09:23
1176,07:58
1177,06:48
1178,10:48
1179,08:09
1180,06:18
1181,08:01
1182,07:47
1183,07:50
1184,06:35
1185,10:54
1186,07:23
1187,06:49
1188,07:48
1189,07:23
1190,07:40
1191,07:05
1192,06:43
1193,10:30
1194,06:54
1195,07:12
1196,06:16
1197,06:04
1198,06:12
1199,08:25
1200,07:29
1201,06:53
1202,09:49
1203,06:05
1204,09:36
1205,07:30
1206,07:18
1207,07:30
1208,07:41
1209,06:02
1210,09:17
1211,06:23
1212,06:27
1213,08:37
1214,06:42
1215,08:31
1216,09:28
1217,06:24
1218,07:16
1219,10:02
1220,06:23
1221,07:59
1222,07:49
1223,07:29
1224,10:43
1225,06:18
1226,07:36
1227,10:28
1228,07:58
1229,10:41
1230,10:00
1231,08:00
1232,09:41
1233,06:54
1234,06:28
1235,06:05
1236,05:59
1237,07:48
1238,07:28
1239,09:29
1240,06:53
1241,07:06
1242,08:00
1243,06:31
1244,08:31
1245,06:06
1246,06:31
1247,09:40
1248,06:29
1249,08:55
1250,07:05
1251,09:04
1252,06:33
1253,06:11
1254,07:37
1255,07:41
1256,06:50
1257,06:48
1258,05:57
1259,07:49
1260,06:06
1261,09:19
1262,06:54
1263,09:17
1264,10:41
1265,09:23
1266,09:30
1267,10:11
1268,08:12
1269,06:28
1270,08:47
1271,06:05
1272,07:25
1273,08:06
1274,06:14
1275,09:31
1276,06:54
1277,06:00
1278,08:06
1279,07:12
1280,06:48
1281,06:06
1282,08:53
1283,06:47
1284,07:49
1285,06:18
1286,07:31
1287,07:10
1288,06:05
1289,06:01
1290,08:53
1291,06:35
1292,10:16
1293,09:11
1294,07:54
1295,06:42
1296,08:48
1297,08:00
1298,06:18
1299,06:24
1300,06:45
1301,07:37
1302,06:11
1303,07:24
1304,10:05
1305,08:04
1306,09:01
1307,07:18
1308,07:35
1309,07:47
1310,05:59
1311,07:04
1312,06:43
1313,10:08
1314,07:57
1315,10:42
1316,07:37
1317,07:47
1318,07:12
1319,09:35
1320,08:30
1321,07:42
1322,06:15
1323,07:29
1324,08:13
1325,08:08
1326,06:29
1327,05:59
1328,06:13
1329,07:51
1330,07:59
1331,07:29
1332,08:42
1333,07:54
1334,06:42
1335,09:00
1336,06:41
1337,08:23
1338,07:41
1339,07:32
1340,09:21
1341,06:22
1342,07:11
1343,07:58
1344,07:04
1345,08:24
1346,08:07
1347,07:57
1348,06:47
1349,07:11
1350,07:52
1351,07:47
1352,09:59
1353,07:54
1354,07:22
1355,10:24
1356,06:40
1357,06:30
1358,06:43
1359,06:23
1360,07:19
1361,08:00
1362,06:22
1363,07:00
1364,07:23
1365,10:53
1366,06:47
1367,07:54
1368,06:05
1369,07:34
1370,09:59
1371,06:11
1372,06:58
1373,07:40
1374,06:18
1375,06:31
1376,10:52
1377,10:36
1378,06:12
1379,06:11
1380,06:54
1381,06:19
1382,06:56
1383,08:53
1384,07:30
1385,07:24
1386,06:48
1387,08:07
1388,08:16
1389,06:47
1390,07:12
1391,06:55
1392,07:55
1393,10:21
1394,06:14
1395,10:07
1396,06:46
1397,06:06
1398,07:31
1399,06:12
1400,06:06
1401,06:48
1402,07:23
1403,06:18
1404,07:31
1405,08:59
1406,08:00
1407,06:10
1408,10:07
1409,06:05
1410,06:24
1411,06:17
1412,07:15
1413,06:31
1414,09:35
1415,10:30
1416,10:24
1417,08:22
1418,06:42
1419,08:31
1420,07:30
1421,06:05
1422,05:59
1423,07:46
1424,07:59
1425,06:11
1426,06:42
1427,08:31
1428,09:05
1429,07:00
1430,07:47
1431,06:35
1432,06:25
1433,07:35
1434,07:29
1435,10:08
1436,06:53
1437,05:59
1438,06:10
1439,06:57
1440,06:19
1441,05:59
1442,08:21
1443,07:24
1444,06:22
1445,06:43
1446,07:42
1447,10:53
1448,09:17
1449,07:05
1450,08:47
1451,07:59
1452,10:11
1453,06:19
1454,06:14
1455,06:06
1456,07:25
1457,06:54
1458,07:18
1459,06:47
1460,06:25
1461,07:33
1462,08:00
1463,07:07
1464,07:23
1465,07:17
1466,08:29
1467,06:05
1468,07:41
1469,09:30
1470,07:02
1471,07:24
1472,07:39
1473,06:59
1474,07:12
1475,08:00
1476,10:46
1477,06:54
1478,06:43
1479,07:12
1480,07:07
1481,08:23
1482,07:04
1483,09:17
1484,09:26
1485,06:06
1486,06:42
1487,06:36
1488,11:01
1489,06:59
1490,09:17
1491,07:36
1492,05:58
1493,08:24
1494,06:47
1495,07:03
1496,09:24
1497,11:00
1498,07:37
1499,11:00
1500,06:49
1501,10:06
1502,06:42
1503,10:29
1504,06:11
1505,06:36
1506,10:15
1507,09:59
1508,05:59
1509,06:48
1510,07:43
1511,07:11
1512,07:34
1513,06:52
1514,06:59
1515,07:10
1516,07:09
1517,07:36
1518,07:49
1519,06:59
1520,06:54
1521,10:55
1522,09:06
1523,06:47
1524,07:17
1525,08:36
1526,06:47
1527,10:58
1528,07:43
1529,09:58
1530,07:52
1531,10:42
1532,10:32
1533,10:06
1534,06:36
1535,07:30
1536,10:42
1537,06:12
1538,06:36
1539,06:03
1540,10:00
1541,07:23
1542,06:31
1543,06:21
1544,09:16
1545,06:05
1546,07:12
1547,07:06
1548,09:54
1549,10:29
1550,06:54
1551,07:36
1552,06:06
1553,06:00
1554,09:00
1555,10:24
1556,08:25
1557,07:54
1558,07:03
1559,09:42
1560,07:48
1561,06:17
1562,06:19
1563,08:48
1564,07:43
1565,07:17
1566,10:48
1567,10:24
1568,05:58
1569,06:05
1570,08:06
1571,07:17
1572,07:04
1573,06:18
1574,08:05
1575,07:58
1576,10:29
1577,08:01
1578,06:06
1579,07:34
1580,06:55
1581,09:18
1582,10:48
1583,05:59
1584,07:47
1585,07:42
1586,06:12
1587,07:05
1588,07:47
1589,07:35
1590,06:00
1591,09:05
1592,08:41
1593,10:00
1594,06:53
1595,07:01
1596,06:15
1597,06:23
1598,08:11
1599,06:27
1600,06:40
1601,07:28
1602,09:55
1603,07:21
1604,07:30
1605,05:58
1606,06:52
1607,06:04
1608,07:43
1609,08:56
1610,10:54
1611,10:44
1612,07:07
1613,09:00
1614,07:23
1615,07:35
1616,06:38
1617,06:12
1618,06:29
1619,08:12
1620,06:46
1621,07:18
1622,06:49
1623,07:17
1624,06:09
1625,07:36
1626,06:36
1627,10:36
1628,06:10
1629,08:39
1630,06:00
1631,06:16
1632,07:53
1633,07:11
1634,06:36
1635,07:52
1636,06:40
1637,06:20
1638,07:12
1639,06:15
1640,07:12
1641,07:47
1642,06:47
1643,06:31
1644,07:40
1645,07:36
1646,09:13
1647,06:24
1648,08:30
1649,07:01
1650,06:32
1651,08:54
1652,06:36
1653,10:59
1654,07:46
1655,07:13
1656,06:26
1657,06:47
1658,07:22
1659,06:13
1660,05:59
1661,07:19
1662,07:07
1663,08:40
1664,10:46
1665,07:25
1666,09:10
1667,07:24
1668,07:22
1669,06:42
1670,09:10
1671,06:54
1672,09:18
1673,05:59
1674,06:18
1675,06:26
1676,08:42
1677,07:25
1678,06:10
1679,07:43
1680,07:29
1681,09:04
1682,06:00
1683,05:58
1684,06:00
1685,06:53
1686,10:47
1687,09:00
1688,07:23
1689,06:47
1690,06:46
1691,07:24
1692,10:47
1693,06:56
1694,08:52
1695,06:41
1696,07:51
1697,06:17
1698,07:51
1699,08:54
1700,07:05
1701,07:30
1702,08:43
1703,06:47
1704,09:08
1705,07:00
1706,06:41
1707,08:22
1708,06:30
1709,07:11
1710,08:39
1711,06:00
1712,07:19
1713,09:23
1714,07:18
1715,07:06
1716,07:24
1717,07:36
1718,10:00
1719,06:10
1720,06:48
1721,06:43
1722,07:29
1723,06:23
1724,10:42
1725,07:00
1726,08:36
1727,10:25
1728,06:39
1729,07:04
1730,07:42
1731,06:48
1732,07:46
1733,07:07
1734,08:56
1735,07:33
1736,09:07
1737,06:46
1738,07:30
1739,06:44
1740,07:53
1741,08:12
1742,07:11
1743,06:26
1744,07:53
1745,06:40
1746,08:34
1747,06:48
1748,07:42
1749,06:36
1750,07:24
1751,06:14
1752,07:24
1753,08:06
1754,05:59
1755,09:50
1756,06:07
1757,08:17
1758,07:31
1759,06:25
1760,09:57
1761,07:07
1762,06:23
1763,07:48
1764,06:17
1765,07:05
1766,08:47
1767,07:29
1768,07:03
1769,06:19
1770,07:04
1771,07:48
1772,10:52
1773,06:10
1774,05:59
1775,09:59
1776,07:43
1777,05:59
1778,07:59
1779,10:00
1780,07:48
1781,08:03
1782,07:23
1783,07:14
1784,07:05
1785,06:16
1786,06:11
1787,06:12
1788,08:53
1789,06:48
1790,09:29
1791,10:49
1792,06:53
1793,07:48
1794,07:11
1795,06:22
1796,07:53
1797,07:49
1798,07:59
1799,06:44
1800,06:03
1801,06:21
1802,10:40
1803,06:59
1804,08:01
1805,09:30
1806,07:41
1807,07:41
1808,08:53
1809,07:45
1810,10:29
1811,06:13
1812,06:35
1813,07:59
1814,06:54
1815,09:24
1816,06:36
1817,07:37
1818,07:35
1819,06:54
1820,06:18
1821,06:23
1822,07:17
1823,10:31
1824,07:01
1825,09:54
1826,06:54
1827,08:00
1828,07:14
1829,06:04
1830,06:17
1831,06:22
1832,06:01
1833,06:53
1834,09:42
1835,07:49
1836,06:22
1837,10:21
1838,08:29
1839,06:38
1840,07:37
1841,06:06
1842,06:17
1843,06:28
1844,10:59
1845,08:00
1846,07:36
1847,10:23
1848,08:46
1849,09:58
1850,07:53
1851,07:46
1852,07:31
1853,07:35
1854,06:49
1855,06:56
1856,09:35
1857,10:05
1858,09:24
1859,06:24
1860,07:07
1861,07:24
1862,06:41
1863,07:38
1864,10:40
1865,08:16
1866,06:35
1867,06:55
1868,09:25
1869,09:59
1870,06:23
1871,09:48
1872,06:25
1873,10:30
1874,06:36
1875,07:07
1876,07:55
1877,10:16
1878,08:28
1879,09:48
1880,10:26
1881,07:40
1882,10:41
1883,07:41
1884,07:41
1885,06:56
1886,10:31
1887,08:16
1888,06:07
1889,10:23
1890,06:59
1891,06:41
1892,07:05
1893,06:31
1894,07:06
1895,07:07
1896,08:52
1897,06:08
1898,07:37
1899,10:40
1900,07:06
1901,10:36
1902,06:07
1903,08:18
1904,08:05
1905,07:53
1906,09:47
1907,06:01
1908,06:16
1909,06:15
1910,07:36
1911,06:21
1912,07:01
1913,07:31
1914,06:30
1915,08:00
1916,08:06
1917,07:17
1918,06:31
1919,09:29
1920,10:06
1921,06:45
1922,08:11
1923,07:54
1924,10:17
1925,07:30
1926,06:59
1927,07:23
1928,08:58
1929,07:53
1930,07:05
1931,08:41
1932,08:00
1933,10:29
1934,09:29
1935,07:41
1936,06:54
1937,06:33
1938,09:19
1939,06:16
1940,06:19
1941,06:36
1942,09:35
1943,10:05
1944,08:18
1945,07:35
1946,07:56
1947,07:18
1948,08:01
1949,06:30
1950,06:54
1951,07:05
1952,07:17
1953,06:55
1954,08:00
1955,06:10
1956,10:06
1957,06:35
1958,08:35
1959,06:17
1960,08:23
1961,07:42
1962,06:01
1963,10:54
1964,06:30
1965,07:46
1966,10:49
1967,07:34
1968,07:24
1969,07:13
1970,07:05
1971,08:06
1972,06:42
1973,07:48
1974,06:04
1975,08:11
1976,09:11
1977,07:50
1978,07:34
1979,09:35
1980,07:18
1981,06:04
1982,07:42
1983,07:24
1984,07:39
1985,06:54
1986,06:36
1987,06:04
1988,07:55
1989,09:07
1990,06:38
1991,10:58
1992,08:41
1993,07:23
1994,07:29
1995,06:14
1996,07:53
1997,07:17
1998,07:55
1999,07:59
2000,06:42
2001,06:34
2002,06:10
2003,06:22
2004,09:46
2005,07:46
2006,06:42
2007,06:43
2008,10:35
2009,10:51
2010,07:47
2011,10:12
2012,06:48
2013,06:16
2014,10:30
2015,08:00
2016,07:06
2017,06:11
2018,06:01
2019,08:00
2020,10:41
2021,06:18
2022,06:54
2023,06:23
2024,07:22
2025,07:04
2026,07:12
2027,06:00
2028,10:30
2029,06:12
2030,07:12
2031,06:36
2032,07:30
2033,06:36
2034,07:10
2035,08:00
2036,07:05
2037,07:12
2038,10:52
2039,06:31
2040,10:43
2041,06:59
2042,08:57
2043,08:06
2044,07:03
2045,07:57
2046,07:23
2047,07:05
2048,06:47
2049,06:47
2050,06:43
2051,08:02
2052,07:41
2053,07:04
2054,07:51
2055,10:15
2056,07:29
2057,07:42
2058,10:32
2059,06:53
2060,07:33
2061,07:59
2062,07:30
2063,06:37
2064,06:16
2065,07:30
2066,07:16
2067,08:47
2068,06:46
2069,06:42
2070,10:25
2071,05:59
2072,08:53
2073,09:53
2074,06:01
2075,06:11
2076,07:50
2077,07:12
2078,07:29
2079,06:45
2080,07:12
2081,07:09
2082,07:18
2083,08:30
2084,06:37
2085,05:57
2086,06:37
2087,05:59
2088,07:37
2089,06:18
2090,06:12
2091,07:30
2092,08:35
2093,07:18
2094,08:27
2095,08:00
2096,06:05
2097,07:20
2098,08:00
2099,09:11
2100,09:29
2101,09:47
2102,09:12
2103,06:22
2104,05:59
2105,08:24
2106,07:23
2107,07:41
2108,08:35
2109,07:18
2110,07:26
2111,06:36
2112,06:41
2113,06:05
2114,06:06
2115,08:00
2116,08:47
2117,06:11
2118,06:52
2119,06:00
2120,06:59
2121,11:01
2122,10:48
2123,07:28
2124,09:09
2125,08:42
2126,09:54
2127,09:35
2128,07:36
2129,06:52
2130,08:54
2131,11:00
2132,06:36
2133,06:47
2134,10:25
2135,07:48
2136,07:28
2137,10:30
2138,09:24
2139,06:24
2140,10:36
2141,06:00
2142,09:40
2143,07:01
2144,09:29
2145,08:23
2146,06:45
2147,07:58
2148,06:49
2149,05:58
2150,08:24
2151,05:59
2152,06:28
2153,07:42
2154,06:10
2155,06:42
2156,07:42
2157,07:59
2158,10:26
2159,09:47
2160,10:01
2161,10:21
2162,05:58
2163,10:06
2164,07:47
2165,09:08
2166,06:01
2167,09:42
2168,06:37
2169,07:59
2170,07:20
2171,07:25
2172,05:59
2173,07:41
2174,09:30
2175,09:28
2176,06:35
2177,07:14
2178,06:17
2179,08:29
2180,06:07
2181,06:05
2182,07:35
2183,07:05
2184,07:29
2185,07:54
2186,07:10
2187,07:21
2188,08:40
2189,10:22
2190,06:22
2191,06:28
2192,07:10
2193,07:40
2194,09:04
2195,06:22
2196,07:54
2197,06:40
2198,10:53
2199,10:19
2200,07:04
2201,10:40
2202,10:23
2203,07:46
2204,10:23
2205,06:35
2206,07:12
2207,09:05
2208,09:41
2209,10:18
2210,10:00
2211,06:19
2212,06:07
2213,06:30
2214,07:28
2215,07:39
2216,07:59
2217,06:47
2218,06:12
2219,07:02
2220,08:36
2221,06:14
2222,10:34
2223,07:29
2224,09:23
2225,07:18
2226,07:29
2227,07:18
2228,07:35
2229,08:00
2230,07:11
2231,06:19
2232,07:18
2233,07:47
2234,07:11
2235,07:33
2236,06:36
2237,06:20
2238,09:41
2239,07:30
2240,06:07
2241,10:30
2242,06:21
2243,06:43
2244,06:41
2245,09:23
2246,06:47
2247,10:30
2248,06:43
2249,10:16
2250,10:33
2251,07:05
2252,07:25
2253,07:59
2254,06:30
2255,06:35
2256,06:54
2257,06:47
2258,06:30
2259,06:55
2260,07:17
2261,06:52
2262,06:07
2263,07:17
2264,07:36
2265,06:10
2266,07:36
2267,06:54
2268,06:17
2269,06:29
2270,07:48
2271,08:31
2272,06:36
2273,08:30
2274,07:24
2275,10:17
2276,06:58
2277,06:06
2278,10:42
2279,07:53
2280,10:53
2281,07:35
2282,06:06
2283,07:02
2284,06:24
2285,07:07
2286,05:59
2287,08:29
2288,07:26
2289,06:58
2290,06:33
2291,07:53
2292,07:07
2293,07:01
2294,06:12
2295,07:40
2296,07:35
2297,10:17
2298,06:21
2299,09:59
2300,10:29
2301,06:34
2302,08:02
2303,06:10
2304,07:12
2305,05:58
2306,08:06
2307,06:17
2308,10:37
2309,08:23
2310,06:06
2311,08:23
2312,06:33
2313,07:48
2314,07:17
2315,09:05
2316,07:52
2317,07:47
2318,07:05
2319,07:23
2320,06:53
2321,06:47
2322,06:30
2323,09:40
2324,06:29
2325,07:36
2326,07:23
2327,07:05
2328,07:25
2329,06:24
2330,06:06
2331,07:18
2332,06:58
2333,07:12
2334,07:23
2335,08:03
2336,09:18
2337,07:47
2338,06:48
2339,09:23
2340,06:42
2341,09:11
2342,05:59
2343,06:25
2344,06:01
2345,06:30
2346,06:59
2347,07:21
2348,06:36
2349,08:23
2350,08:52
2351,09:23
2352,06:17
2353,08:46
2354,06:36
2355,08:54
2356,07:52
2357,07:13
2358,10:54
2359,06:04
2360,07:16
2361,06:34
2362,06:06
2363,07:35
2364,07:25
2365,07:55
2366,08:23
2367,06:00
2368,06:53
2369,07:31
2370,06:11
2371,08:01
2372,06:39
2373,07:19
2374,09:36
2375,05:59
2376,07:59
2377,09:11
2378,08:36
2379,07:04
2380,10:42
2381,08:40
2382,07:14
2383,06:25
2384,10:28
2385,07:19
2386,07:55
2387,06:07
2388,06:45
2389,07:46
2390,07:48
2391,06:37
2392,07:40
2393,05:58
2394,08:27
2395,08:00
2396,06:16
2397,07:35
2398,07:34
2399,08:23
2400,07:11
2401,10:41
2402,06:21
2403,06:35
2404,07:25
2405,09:41
2406,07:49
2407,06:44
2408,06:24
2409,10:59
2410,07:40
2411,09:28
2412,05:59
2413,08:29
2414,08:07
2415,07:23
2416,08:00
2417,09:55
2418,07:29
2419,07:10
2420,07:41
2421,07:59
2422,06:11
2423,07:46
2424,06:29
2425,07:07
2426,09:12
2427,08:28
2428,08:10
2429,08:06
2430,06:43
2431,06:59
2432,07:52
2433,06:17
2434,06:19
2435,06:25
2436,06:47
2437,07:40
2438,06:37
2439,06:53
2440,07:11
2441,07:41
2442,09:49
2443,06:00
2444,07:33
2445,07:24
2446,07:17
2447,07:41
2448,09:47
2449,10:24
2450,07:00
2451,06:00
2452,06:30
2453,10:10
2454,07:38
2455,07:56
2456,07:47
2457,06:12
2458,05:59
2459,06:42
2460,07:36
2461,06:19
2462,06:48
2463,08:48
2464,07:57
2465,09:54
2466,07:23
2467,07:42
2468,08:17
2469,07:51
2470,06:11
2471,06:20
2472,06:46
2473,05:59
2474,09:00
2475,08:22
2476,06:42
2477,07:35
2478,06:42
2479,06:17
2480,08:11
2481,08:06
2482,06:05
2483,07:42
2484,07:31
2485,06:23
2486,08:53
2487,07:16
2488,06:42
2489,08:01
2490,09:59
2491,09:30
2492,09:17
2493,06:08
2494,08:34
2495,07:59
2496,07:23
2497,06:54
2498,06:41
2499,06:33
2500,06:36
2501,06:42
2502,07:45
2503,07:53
2504,06:11
2505,06:11
2506,07:23
2507,07:48
2508,10:16
2509,07:06
2510,08:43
2511,08:01
2512,06:36
2513,07:22
2514,06:35
2515,07:24
2516,10:40
2517,07:13
2518,07:04
2519,07:29
2520,07:36
2521,09:30
2522,06:06
2523,09:36
2524,07:37
2525,06:08
2526,08:40
2527,07:11
2528,10:40
2529,07:01
2530,10:13
2531,07:41
2532,07:35
2533,06:29
2534,06:06
2535,07:11
2536,07:43
2537,08:02
2538,06:35
2539,10:25
2540,07:52
2541,07:07
2542,07:57
2543,06:17
2544,06:05
2545,08:35
2546,07:53
2547,07:40
2548,06:32
2549,06:11
2550,06:59
2551,07:41
2552,10:30
2553,09:29
2554,07:31
2555,08:05
2556,07:04
2557,08:42
2558,10:30
2559,07:06
2560,06:32
2561,06:48
2562,09:18
2563,07:35
2564,07:11
2565,07:04
2566,10:12
2567,06:53
2568,07:19
2569,06:23
2570,07:24
2571,08:19
2572,09:12
2573,06:46
2574,06:05
2575,07:47
2576,06:22
2577,10:35
2578,06:47
2579,06:16
2580,07:16
2581,08:53
2582,09:23
2583,05:59
2584,07:54
2585,07:01
2586,10:48
2587,09:52
2588,10:13
2589,07:36
2590,06:20
2591,08:42
2592,06:27
2593,06:35
2594,06:39
2595,09:46
2596,07:05
2597,05:59
2598,06:45
2599,06:47
2600,07:45
2601,06:36
2602,06:52
2603,06:17
2604,07:10
2605,08:48
2606,07:54
2607,07:17
2608,10:18
2609,10:48
2610,07:54
2611,07:53
2612,07:29
2613,08:00
2614,08:14
2615,10:48
2616,06:06
2617,06:35
2618,06:06
2619,10:27
2620,06:52
2621,06:59
2622,07:48
2623,06:12
2624,06:11
2625,06:04
2626,10:11
2627,07:48
2628,06:12
2629,07:53
2630,07:12
2631,06:30
2632,09:49
2633,07:41
2634,07:10
2635,10:26
2636,06:26
2637,08:01
2638,09:05
2639,07:00
2640,06:11
2641,06:00
2642,08:00
2643,08:01
2644,07:53
2645,09:25
2646,08:01
2647,06:48
2648,10:46
2649,08:12
2650,06:18
2651,07:57
2652,07:49
2653,07:49
2654,06:37
2655,10:52
2656,07:22
2657,06:48
2658,07:48
2659,07:21
2660,07:41
2661,07:04
2662,06:41
2663,10:29
2664,06:54
2665,07:11
2666,06:17
2667,06:04
2668,06:13
2669,08:22
2670,07:30
2671,06:53
2672,09:47
2673,06:07
2674,09:35
2675,07:29
2676,07:15
2677,07:31
2678,07:41
2679,05:59
2680,09:17
2681,06:24
2682,06:28
2683,08:35
2684,06:41
2685,08:29
2686,09:31
2687,06:23
2688,07:14
2689,09:58
2690,06:23
2691,07:59
2692,07:49
2693,07:29
2694,10:43
2695,06:20
2696,07:35
2697,10:30
2698,08:00
2699,10:41
2700,09:59
2701,08:00
2702,09:40
2703,06:54
2704,06:30
2705,06:07
2706,05:58
2707,07:47
2708,07:29
2709,09:29
2710,06:53
2711,07:05
2712,08:00
2713,06:27
2714,08:29
2715,06:05
2716,06:29
2717,09:41
2718,06:29
2719,08:53
2720,07:06
2721,09:07
2722,06:35
2723,06:11
2724,07:35
2725,07:42
2726,06:46
2727,06:48
2728,06:00
2729,07:46
2730,06:05
2731,09:17
2732,06:55
2733,09:18
2734,10:40
2735,09:23
2736,09:29
2737,10:11
2738,08:13
2739,06:28
2740,08:47
2741,06:04
2742,07:24
2743,08:06
2744,06:11
2745,09:31
2746,06:54
2747,06:00
2748,08:07
2749,07:12
2750,06:46
2751,06:04
2752,08:52
2753,06:48
2754,07:47
2755,06:18
2756,07:30
2757,07:11
2758,06:06
2759,06:02
2760,08:56
2761,06:35
2762,10:17
2763,09:11
2764,07:54
2765,06:41
2766,08:47
2767,07:58
2768,06:18
2769,06:24
2770,06:40
2771,07:34
2772,06:12
2773,07:23
2774,10:06
2775,08:05
2776,09:01
2777,07:15
2778,07:37
2779,07:46
2780,05:59
2781,07:06
2782,06:42
2783,10:09
2784,07:58
2785,10:43
2786,07:35
2787,07:45
2788,07:11
2789,09:36
2790,08:31
2791,07:42
2792,06:18
2793,07:28
2794,08:11
2795,08:04
2796,06:31
2797,06:01
2798,06:13
2799,07:53
2800,08:01
2801,07:30
2802,08:40
2803,07:54
2804,06:44
2805,09:00
2806,06:43
2807,08:23
2808,07:43
2809,07:34
2810,09:24
2811,06:23
2812,07:11
2813,07:59
2814,07:05
2815,08:23
2816,08:05
2817,07:52
2818,06:47
2819,07:11
2820,07:55
2821,07:47
2822,10:01
2823,07:54
2824,07:24
2825,10:25
2826,06:41
2827,06:29
2828,06:40
2829,06:25
2830,07:16
2831,07:59
2832,06:24
2833,07:01
2834,07:21
2835,10:55
2836,06:50
2837,07:53
2838,06:07
2839,07:35
2840,09:57
2841,06:11
2842,07:01
2843,07:42
2844,06:16
2845,06:29
2846,10:53
2847,10:36
2848,06:13
2849,06:11
2850,06:53
2851,06:16
2852,06:55
2853,08:55
2854,07:30
2855,07:25
2856,06:49
2857,08:06
2858,08:17
2859,06:49
2860,07:11
2861,06:51
2862,07:54
2863,10:22
2864,06:12
2865,10:03
2866,06:46
2867,06:07
2868,07:30
2869,06:13
2870,06:05
2871,06:49
2872,07:22
2873,06:15
2874,07:31
2875,08:59
2876,08:00
2877,06:12
2878,10:05
2879,06:07
2880,06:23
2881,06:17
2882,07:17
2883,06:31
2884,09:35
2885,10:30
2886,10:24
2887,08:24
2888,06:42
2889,08:29
2890,07:30
2891,06:06
2892,06:01
2893,07:47
2894,08:01
2895,06:11
2896,06:41
2897,08:28
2898,09:04
2899,07:00
2900,07:48
2901,06:35
2902,06:22
2903,07:37
2904,07:30
2905,10:06
2906,06:56
2907,05:58
2908,06:12
2909,07:01
2910,06:17
2911,05:58
2912,08:21
2913,07:23
2914,06:24
2915,06:41
2916,07:40
2917,10:54
2918,09:19
2919,07:06
2920,08:48
2921,08:01
2922,10:10
2923,06:19
2924,06:12
2925,06:05
2926,07:20
2927,06:56
2928,07:19
2929,06:45
2930,06:23
2931,07:35
2932,08:00
2933,07:04
2934,07:26
2935,07:18
2936,08:30
2937,06:04
2938,07:43
2939,09:29
2940,07:01
2941,07:25
2942,07:42
2943,07:00
2944,07:13
2945,07:58
2946,10:48
2947,06:53
2948,06:43
2949,07:13
2950,07:05
2951,08:24
2952,07:04
2953,09:16
2954,09:25
2955,06:04
2956,06:42
2957,06:35
2958,11:00
2959,07:01
2960,09:17
2961,07:32
2962,05:58
2963,08:20
2964,06:48
2965,07:06
2966,09:24
2967,11:00
2968,07:36
2969,11:01
2970,06:46
2971,10:08
2972,06:42
2973,10:30
2974,06:11
2975,06:35
2976,10:16
2977,10:01
2978,06:02
2979,06:46
2980,07:41
2981,07:11
2982,07:36
2983,06:55
2984,06:58
2985,07:12
2986,07:12
2987,07:36
2988,07:49
2989,06:57
2990,06:53
2991,10:53
2992,09:06
2993,06:49
2994,07:17
2995,08:36
2996,06:45
2997,10:59
2998,07:40
2999,09:59
3000,07:54
3001,10:41
3002,10:31
3003,10:06
3004,06:37
3005,07:30
3006,10:43
3007,06:12
3008,06:35
3009,06:05
3010,10:01
3011,07:23
3012,06:30
3013,06:19
3014,09:17
3015,06:06
3016,07:11
3017,07:05
3018,09:53
3019,10:30
3020,06:55
3021,07:35
3022,06:07
3023,06:01
3024,08:59
3025,10:24
3026,08:22
3027,07:54
3028,07:07
3029,09:41
3030,07:46
3031,06:19
3032,06:17
3033,08:46
3034,07:43
3035,07:18
3036,10:48
3037,10:25
3038,05:58
3039,06:04
3040,08:04
3041,07:18
3042,07:05
3043,06:17
3044,08:06
3045,07:59
3046,10:28
3047,08:01
3048,06:06
3049,07:37
3050,06:55
3051,09:16
3052,10:47
3053,05:58
3054,07:46
3055,07:42
3056,06:12
3057,07:07
3058,07:49
3059,07:35
3060,06:02
3061,09:07
3062,08:42
3063,10:00
3064,06:52
3065,06:58
3066,06:18
3067,06:23
3068,08:10
3069,06:28
3070,06:42
3071,07:32
3072,09:51
3073,07:25
3074,07:29
3075,05:59
3076,06:51
3077,06:06
3078,07:42
3079,08:54
3080,10:54
3081,10:41
3082,07:08
3083,08:59
3084,07:26
3085,07:34
3086,06:36
3087,06:12
3088,06:29
3089,08:12
3090,06:47
3091,07:18
3092,06:47
3093,07:18
3094,06:12
3095,07:34
3096,06:36
3097,10:38
3098,06:12
3099,08:35
3100,06:00
3101,06:18
3102,07:54
3103,07:10
3104,06:35
3105,07:55
3106,06:42
3107,06:19
3108,07:13
3109,06:17
3110,07:11
3111,07:47
3112,06:46
3113,06:29
3114,07:42
3115,07:33
3116,09:11
3117,06:24
3118,08:29
3119,06:58
3120,06:29
3121,08:53
3122,06:36
3123,11:00
3124,07:47
3125,07:12
3126,06:25
3127,06:46
3128,07:25
3129,06:10
3130,06:00
3131,07:19
3132,07:03
3133,08:41
3134,10:47
3135,07:21
3136,09:10
3137,07:25
3138,07:24
3139,06:41
3140,09:12
3141,06:51
3142,09:17
3143,05:59
3144,06:17
3145,06:23
3146,08:41
3147,07:23
3148,06:14
3149,07:43
3150,07:30
3151,09:04
3152,05:58
3153,05:59
3154,06:00
3155,06:53
3156,10:48
3157,09:01
3158,07:24
3159,06:47
3160,06:48
3161,07:24
3162,10:47
3163,06:54
3164,08:56
3165,06:43
3166,07:53
3167,06:18
3168,07:53
3169,08:55
3170,07:08
3171,07:28
3172,08:41
3173,06:47
3174,09:03
3175,07:00
3176,06:42
3177,08:24
3178,06:30
3179,07:09
3180,08:42
3181,05:59
3182,07:18
3183,09:24
3184,07:19
3185,07:06
3186,07:23
3187,07:36
3188,09:59
3189,06:13
3190,06:48
3191,06:40
3192,07:28
3193,06:24
3194,10:41
3195,06:59
3196,08:35
3197,10:22
3198,06:43
3199,07:04
3200,07:40
3201,06:48
3202,07:46
3203,07:06
3204,08:53
3205,07:33
3206,09:06
3207,06:46
3208,07:30
3209,06:40
3210,07:52
3211,08:11
3212,07:11
3213,06:29
3214,07:52
3215,06:41
3216,08:36
3217,06:48
3218,07:43
3219,06:35
3220,07:23
3221,06:13
3222,07:23
3223,08:06
3224,06:00
3225,09:47
3226,06:05
3227,08:16
3228,07:31
3229,06:26
3230,09:56
3231,07:05
3232,06:24
3233,07:49
3234,06:18
3235,07:07
3236,08:48
3237,07:29
3238,07:05
3239,06:16
3240,07:07
3241,07:47
3242,10:53
3243,06:10
3244,05:59
3245,10:01
3246,07:42
3247,05:59
3248,08:01
3249,10:01
3250,07:46
3251,08:01
3252,07:25
3253,07:11
3254,07:07
3255,06:17
3256,06:09
3257,06:13
3258,08:54
3259,06:50
3260,09:31
3261,10:48
3262,06:51
3263,07:47
3264,07:09
3265,06:21
3266,07:54
3267,07:48
3268,07:59
3269,06:48
3270,06:06
3271,06:25
3272,10:40
3273,07:02
3274,07:57
3275,09:32
3276,07:41
3277,07:40
3278,08:55
3279,07:47
3280,10:30
3281,06:14
3282,06:35
3283,07:59
3284,06:54
3285,09:22
3286,06:35
3287,07:36
3288,07:35
3289,06:54
3290,06:17
3291,06:22
3292,07:17
3293,10:29
3294,07:00
3295,09:53
3296,06:52
3297,08:01
3298,07:17
3299,06:06
3300,06:17
3301,06:23
3302,05:59
3303,06:54
3304,09:41
3305,07:49
3306,06:24
3307,10:24
3308,08:30
3309,06:35
3310,07:35
3311,06:04
3312,06:20
3313,06:31
3314,10:58
3315,07:59
3316,07:37
3317,10:24
3318,08:47
3319,09:57
3320,07:53
3321,07:48
3322,07:29
3323,07:35
3324,06:49
3325,07:00
3326,09:36
3327,10:05
3328,09:22
3329,06:23
3330,07:04
3331,07:22
3332,06:42
3333,07:37
3334,10:41
3335,08:21
3336,06:37
3337,06:54
3338,09:24
3339,10:00
3340,06:23
3341,09:47
3342,06:23
3343,10:28
3344,06:35
3345,07:05
3346,07:53
3347,10:19
3348,08:30
3349,09:48
3350,10:24
3351,07:42
3352,10:42
3353,07:42
3354,07:41
3355,06:55
3356,10:33
3357,08:19
3358,06:04
3359,10:23
3360,07:00
3361,06:43
3362,07:03
3363,06:30
3364,07:05
3365,07:04
3366,08:52
3367,06:06
3368,07:34
3369,10:39
3370,07:05
3371,10:37
3372,06:05
3373,08:18
3374,08:05
3375,07:54
3376,09:48
3377,06:01
3378,06:19
3379,06:19
3380,07:36
3381,06:22
3382,06:58
3383,07:28
3384,06:31
3385,08:00
3386,08:04
3387,07:20
3388,06:30
3389,09:30
3390,10:04
3391,06:49
3392,08:11
3393,07:52
3394,10:19
3395,07:28
3396,07:00
3397,07:23
3398,08:58
3399,07:51
3400,07:05
3401,08:42
3402,08:00
3403,10:29
3404,09:29
3405,07:41
3406,06:55
3407,06:35
3408,09:19
3409,06:18
3410,06:19
3411,06:35
3412,09:35
3413,10:07
3414,08:19
3415,07:35
3416,07:54
3417,07:18
3418,08:01
3419,06:29
3420,06:54
3421,07:08
3422,07:18
3423,06:52
3424,08:00
3425,06:13
3426,10:07
3427,06:35
3428,08:35
3429,06:18
3430,08:24
3431,07:42
3432,06:00
3433,10:54
3434,06:29
3435,07:48
3436,10:48
3437,07:34
3438,07:23
3439,07:10
3440,07:06
3441,08:06
3442,06:41
3443,07:46
3444,06:04
3445,08:12
3446,09:12
3447,07:47
3448,07:35
3449,09:35
3450,07:17
3451,06:05
3452,07:42
3453,07:23
3454,07:36
3455,06:55
3456,06:38
3457,06:06
3458,07:53
3459,09:04
3460,06:35
3461,10:59
3462,08:42
3463,07:22
3464,07:30
3465,06:11
3466,07:54
3467,07:19
3468,07:54
3469,07:59
3470,06:40
3471,06:33
3472,06:10
3473,06:21
3474,09:49
3475,07:46
3476,06:43
3477,06:40
3478,10:37
3479,10:56
3480,07:49
3481,10:11
3482,06:49
3483,06:18
3484,10:30
3485,08:01
3486,07:05
3487,06:10
3488,06:00
3489,07:59
3490,10:41
3491,06:20
3492,06:54
3493,06:23
3494,07:24
3495,07:05
3496,07:10
3497,06:01
3498,10:28
3499,06:11
3500,07:11
3501,06:35
3502,07:29
3503,06:37
3504,07:13
3505,07:58
3506,07:05
3507,07:12
3508,10:54
3509,06:29
3510,10:40
3511,07:00
3512,08:59
3513,08:05
3514,07:07
3515,07:58
3516,07:21
3517,07:05
3518,06:47
3519,06:46
3520,06:43
3521,08:03
3522,07:42
3523,07:07
3524,07:56
3525,10:20
3526,07:28
3527,07:41
3528,10:27
3529,06:54
3530,07:31
3531,07:57
3532,07:29
3533,06:35
3534,06:17
3535,07:30
3536,07:18
3537,08:47
3538,06:49
3539,06:41
3540,10:24
3541,06:01
3542,08:54
3543,09:52
3544,05:59
3545,06:11
3546,07:47
3547,07:11
3548,07:30
3549,06:48
3550,07:10
3551,07:09
3552,07:18
3553,08:29
3554,06:35
3555,06:01
3556,06:36
3557,06:00
3558,07:36
3559,06:18
3560,06:13
3561,07:29
3562,08:36
3563,07:17
3564,08:24
3565,07:59
3566,06:07
3567,07:19
3568,08:00
3569,09:11
3570,09:27
3571,09:48
3572,09:09
3573,06:16
3574,06:00
3575,08:24
3576,07:22
3577,07:41
3578,08:37
3579,07:18
3580,07:22
3581,06:34
3582,06:41
3583,06:03
3584,06:05
3585,07:59
3586,08:46
3587,06:10
3588,06:52
3589,06:00
3590,07:01
3591,10:58
3592,10:46
3593,07:28
3594,09:13
3595,08:42
3596,09:55
3597,09:35
3598,07:34
3599,06:53
3600,08:54
3601,11:01
3602,06:36
3603,06:47
3604,10:24
3605,07:48
3606,07:30
3607,10:29
3608,09:23
3609,06:24
3610,10:36
3611,06:00
3612,09:41
3613,06:59
3614,09:31
3615,08:24
3616,06:51
3617,08:01
3618,06:48
3619,06:00
3620,08:24
3621,05:59
3622,06:28
3623,07:42
3624,06:12
3625,06:41
3626,07:42
3627,08:00
3628,10:23
3629,09:47
3630,10:02
3631,10:21
3632,05:58
3633,10:06
3634,07:47
3635,09:04
3636,06:01
3637,09:41
3638,06:35
3639,07:57
3640,07:14
3641,07:24
3642,06:00
3643,07:41
3644,09:32
3645,09:31
3646,06:36
3647,07:13
3648,06:21
3649,08:30
3650,06:04
3651,06:07
3652,07:36
3653,07:05
3654,07:29
3655,07:53
3656,07:14
3657,07:25
3658,08:40
3659,10:23
3660,06:22
3661,06:31
3662,07:10
3663,07:42
3664,09:04
3665,06:26
3666,07:53
3667,06:41
3668,10:54
3669,10:17
3670,07:04
3671,10:41
3672,10:23
3673,07:47
3674,10:23
3675,06:35
3676,07:11
3677,09:08
3678,09:39
3679,10:17
3680,10:00
3681,06:16
3682,06:08
3683,06:28
3684,07:31
3685,07:42
3686,08:00
3687,06:48
3688,06:13
3689,07:08
3690,08:36
3691,06:12
3692,10:34
3693,07:30
3694,09:23
3695,07:16
3696,07:28
3697,07:17
3698,07:36
3699,08:00
3700,07:09
3701,06:17
3702,07:16
3703,07:49
3704,07:12
3705,07:34
3706,06:37
3707,06:19
3708,09:42
3709,07:31
3710,06:06
3711,10:30
3712,06:24
3713,06:41
3714,06:41
3715,09:22
3716,06:48
3717,10:28
3718,06:41
3719,10:16
3720,10:36
3721,07:04
3722,07:24
3723,08:00
3724,06:30
3725,06:35
3726,06:52
3727,06:49
3728,06:28
3729,06:53
3730,07:19
3731,06:52
3732,06:07
3733,07:16
3734,07:34
3735,06:06
3736,07:33
3737,06:53
3738,06:21
3739,06:28
3740,07:47
3741,08:31
3742,06:34
3743,08:29
3744,07:24
3745,10:18
3746,06:59
3747,06:08
3748,10:40
3749,07:52
3750,10:51
3751,07:36
3752,06:07
3753,07:00
3754,06:23
3755,07:07
3756,05:58
3757,08:27
3758,07:23
3759,06:59
3760,06:32
3761,07:54
3762,07:04
3763,07:01
3764,06:10
3765,07:41
3766,07:36
3767,10:17
3768,06:23
3769,09:59
3770,10:30
3771,06:35
3772,07:59
3773,06:11
3774,07:12
3775,06:01
3776,08:05
3777,06:16
3778,10:37
3779,08:24
3780,06:05
3781,08:24
3782,06:36
3783,07:48
3784,07:18
3785,09:06
3786,07:54
3787,07:48
3788,07:07
3789,07:24
3790,06:54
3791,06:47
3792,06:30
3793,09:42
3794,06:29
3795,07:34
3796,07:23
3797,07:05
3798,07:23
3799,06:24
3800,06:06
3801,07:17
3802,07:02
3803,07:12
3804,07:24
3805,08:05
3806,09:18
3807,07:48
3808,06:47
3809,09:24
3810,06:41
3811,09:11
3812,06:00
3813,06:24
3814,05:59
3815,06:27
3816,07:00
3817,07:16
3818,06:35
3819,08:24
3820,08:52
3821,09:23
3822,06:19
3823,08:48
3824,06:37
3825,08:54
3826,07:54
3827,07:13
3828,10:56
3829,06:06
3830,07:18
3831,06:35
3832,06:05
3833,07:36
3834,07:24
3835,07:53
3836,08:25
3837,06:01
3838,06:54
3839,07:35
3840,06:14
3841,08:00
3842,06:40
3843,07:17
3844,09:36
3845,05:59
3846,08:01
3847,09:15
3848,08:37
3849,07:05
3850,10:41
3851,08:40
3852,07:12
3853,06:24
3854,10:32
3855,07:17
3856,07:53
3857,06:03
3858,06:46
3859,07:48
3860,07:47
3861,06:36
3862,07:41
3863,06:00
3864,08:28
3865,08:00
3866,06:18
3867,07:35
3868,07:36
3869,08:21
3870,07:11
3871,10:41
3872,06:22
3873,06:36
3874,07:24
3875,09:42
3876,07:46
3877,06:42
3878,06:23
3879,10:59
3880,07:43
3881,09:30
3882,06:00
3883,08:30
3884,08:06
3885,07:24
3886,08:01
3887,09:55
3888,07:30
3889,07:10
3890,07:40
3891,07:58
3892,06:13
3893,07:49
3894,06:30
3895,07:05
3896,09:13
3897,08:32
3898,08:11
3899,08:04
3900,06:42
3901,06:59
3902,07:51
3903,06:16
3904,06:18
3905,06:24
3906,06:48
3907,07:42
3908,06:34
3909,06:53
3910,07:13
3911,07:42
3912,09:48
3913,05:58
3914,07:36
3915,07:24
3916,07:18
3917,07:43
3918,09:49
3919,10:24
3920,06:59
3921,06:00
3922,06:29
3923,10:11
3924,07:35
3925,07:54
3926,07:47
3927,06:12
3928,05:59
3929,06:42
3930,07:36
3931,06:19
3932,06:48
3933,08:47
3934,08:00
3935,09:54
3936,07:25
3937,07:42
3938,08:18
3939,07:54
3940,06:13
3941,06:17
3942,06:47
3943,05:58
3944,09:02
3945,08:24
3946,06:41
3947,07:35
3948,06:43
3949,06:17
3950,08:11
3951,08:07
3952,06:05
3953,07:41
3954,07:31
3955,06:23
3956,08:54
3957,07:17
3958,06:41
3959,07:59
3960,09:59
3961,09:28
3962,09:17
3963,06:04
3964,08:35
3965,08:02
3966,07:22
3967,06:53
3968,06:42
3969,06:36
3970,06:36
3971,06:41
3972,07:50
3973,07:53
3974,06:11
3975,06:11
3976,07:21
3977,07:49
3978,10:17
3979,07:05
3980,08:42
3981,07:58
3982,06:37
3983,07:24
3984,06:34
3985,07:24
3986,10:41
3987,07:14
3988,07:03
3989,07:29
3990,07:35
3991,09:29
3992,06:07
3993,09:35
3994,07:36
3995,06:03
3996,08:43
3997,07:10
3998,10:40
3999,06:59
4000,10:12
4001,07:42
4002,07:36
4003,06:29
4004,06:06
4005,07:10
4006,07:41
4007,08:01
4008,06:36
4009,10:22
4010,07:56
4011,07:03
4012,08:00
4013,06:16
4014,06:06
4015,08:35
4016,07:53
4017,07:41
4018,06:29
4019,06:10
4020,06:57
4021,07:43
4022,10:30
4023,09:29
4024,07:31
4025,08:04
4026,07:07
4027,08:43
4028,10:30
4029,07:06
4030,06:29
4031,06:49
4032,09:18
4033,07:33
4034,07:11
4035,07:05
4036,10:12
4037,06:53
4038,07:19
4039,06:24
4040,07:25
4041,08:18
4042,09:11
4043,06:49
4044,06:06
4045,07:49
4046,06:24
4047,10:33
4048,06:47
4049,06:17
4050,07:15
4051,08:51
4052,09:22
4053,05:59
4054,07:53
4055,07:00
4056,10:46
4057,09:55
4058,10:12
4059,07:36
4060,06:18
4061,08:41
4062,06:29
4063,06:33
4064,06:42
4065,09:46
4066,07:06
4067,05:59
4068,06:47
4069,06:47
4070,07:42
4071,06:36
4072,06:56
4073,06:17
4074,07:14
4075,08:48
4076,07:53
4077,07:19
4078,10:19
4079,10:48
4080,07:51
4081,07:53
4082,07:31
4083,08:00
4084,08:10
4085,10:48
4086,06:05
4087,06:35
4088,06:05
4089,10:30
4090,06:52
4091,07:01
4092,07:47
4093,06:11
4094,06:12
4095,06:07
4096,10:11
4097,07:47
4098,06:12
4099,07:54
4100,07:13
4101,06:29
4102,09:48
4103,07:40
4104,07:13
4105,10:22
4106,06:24
4107,07:59
4108,09:04
4109,06:59
4110,06:13
4111,06:01
4112,08:00
4113,08:02
4114,07:53
4115,09:23
4116,07:58
4117,06:46
4118,10:47
4119,08:11
4120,06:16
4121,07:59
4122,07:50
4123,07:48
4124,06:34
4125,10:56
4126,07:21
4127,06:48
4128,07:46
4129,07:23
4130,07:43
4131,07:05
4132,06:39
4133,10:28
4134,06:55
4135,07:11
4136,06:18
4137,06:06
4138,06:11
4139,08:24
4140,07:30
4141,06:51
4142,09:49
4143,06:03
4144,09:37
4145,07:32
4146,07:18
4147,07:29
4148,07:43
4149,05:59
4150,09:19
4151,06:25
4152,06:28
4153,08:35
4154,06:41
4155,08:29
4156,09:29
4157,06:24
4158,07:20
4159,10:01
4160,06:23
4161,07:59
4162,07:48
4163,07:30
4164,10:42
4165,06:17
4166,07:35
4167,10:29
4168,08:00
4169,10:41
4170,09:58
4171,08:01
4172,09:42
4173,06:53
4174,06:29
4175,06:08
4176,05:59
4177,07:47
4178,07:30
4179,09:32
4180,06:55
4181,07:05
4182,08:02
4183,06:29
4184,08:29
4185,06:03
4186,06:30
4187,09:41
4188,06:30
4189,08:55
4190,07:05
4191,09:06
4192,06:33
4193,06:11
4194,07:35
4195,07:43
4196,06:48
4197,06:49
4198,05:59
4199,07:48
4200,06:05
4201,09:16
4202,06:53
4203,09:20
4204,10:43
4205,09:24
4206,09:32
4207,10:12
4208,08:13
4209,06:30
4210,08:48
4211,06:06
4212,07:22
4213,08:07
4214,06:14
4215,09:28
4216,06:52
4217,05:59
4218,08:06
4219,07:13
4220,06:45
4221,06:06
4222,08:53
4223,06:47
4224,07:48
4225,06:20
4226,07:30
4227,07:12
4228,06:07
4229,05:59
4230,08:54
4231,06:34
4232,10:18
4233,09:10
4234,07:52
4235,06:41
4236,08:48
4237,07:58
4238,06:18
4239,06:24
4240,06:43
4241,07:35
4242,06:10
4243,07:24
4244,10:05
4245,08:05
4246,08:59
4247,07:15
4248,07:37
4249,07:48
4250,05:59
4251,07:07
4252,06:44
4253,10:05
4254,08:00
4255,10:43
4256,07:36
4257,07:45
4258,07:12
4259,09:34
4260,08:28
4261,07:41
4262,06:17
4263,07:30
4264,08:10
4265,08:04
4266,06:30
4267,06:01
4268,06:12
4269,07:51
4270,08:01
4271,07:30
4272,08:45
4273,07:53
4274,06:40
4275,08:59
4276,06:40
4277,08:23
4278,07:41
4279,07:37
4280,09:24
4281,06:22
4282,07:13
4283,07:59
4284,07:06
4285,08:24
4286,08:07
4287,07:52
4288,06:44
4289,07:11
4290,07:54
4291,07:49
4292,10:01
4293,07:52
4294,07:25
4295,10:25
4296,06:40
4297,06:29
4298,06:43
4299,06:23
4300,07:17
4301,08:00
4302,06:23
4303,07:00
4304,07:24
4305,10:53
4306,06:47
4307,07:54
4308,06:04
4309,07:34
4310,10:00
4311,06:12
4312,07:01
4313,07:41
4314,06:17
4315,06:28
4316,10:54
4317,10:34
4318,06:15
4319,06:11
4320,06:53
4321,06:17
4322,06:54
4323,08:54
4324,07:29
4325,07:22
4326,06:46
4327,08:07
4328,08:17
4329,06:48
4330,07:12
4331,06:52
4332,07:54
4333,10:24
4334,06:11
4335,10:07
4336,06:46
4337,06:06
4338,07:31
4339,06:11
4340,06:04
4341,06:47
4342,07:24
4343,06:17
4344,07:29
4345,08:59
4346,08:01
4347,06:15
4348,10:05
4349,06:05
4350,06:23
4351,06:17
4352,07:17
4353,06:30
4354,09:34
4355,10:31
4356,10:23
4357,08:22
4358,06:41
4359,08:30
4360,07:29
4361,06:06
4362,06:02
4363,07:47
4364,07:57
4365,06:11
4366,06:43
4367,08:29
4368,09:04
4369,06:59
4370,07:49
4371,06:36
4372,06:24
4373,07:35
4374,07:27
4375,10:06
4376,06:55
4377,05:59
4378,06:09
4379,07:01
4380,06:17
4381,06:01
4382,08:24
4383,07:24
4384,06:23
4385,06:41
4386,07:44
4387,10:54
4388,09:15
4389,07:05
4390,08:48
4391,08:02
4392,10:10
4393,06:18
4394,06:08
4395,06:07
4396,07:24
4397,06:55
4398,07:17
4399,06:46
4400,06:24
4401,07:36
4402,07:59
4403,07:06
4404,07:23
4405,07:17
4406,08:31
4407,06:05
4408,07:42
4409,09:29
4410,06:59
